

INSERT INTO `cars` (`id`, `name`, `code`, `header`, `title`, `description`, `price`) VALUES (1, 'Bronco Badlands', 'bronco-badlands', 'La SUV con el equilibrio perfecto entre comodidad, seguridad y estilo', 'Ícono de la aventura', 'Desempeño único, diseño icónico y tecnología inteligente: la nueva Bronco es la mejor compañera de aventuras; La nueva BRONCO Badlands 4 puertas,  ofrece un incomparable nivel de desempeño con su motor 2.7L EcoBoost® Bi-Turbo V6, que genera una potencia de 330 caballos de fuerza y un torque de 415 lb-pie', 102883.26);
INSERT INTO `cars` (`id`, `name`, `code`, `header`, `title`, `description`, `price`) VALUES (2, 'Bronco Sport', 'bronco-sport', 'Con su característico diseño robusto, el ícono de la aventura.', 'Nueva Bronco Sport', 'Con su característico diseño robusto, el ícono de la aventura se renueva completamente con tecnologías de vanguardia, consolidando su posición como el compañero ideal para cualquier expedición. Impulsado por un motor EcoBoost® 2.0L, este vehículo entrega 249 caballos de fuerza y 277 libras-pie de torque, garantizando un rendimiento excepcional en cada trayecto.', 65228.47);
INSERT INTO `cars` (`id`, `name`, `code`, `header`, `title`, `description`, `price`) VALUES (3, 'Everest Active', 'everest-active', 'La combinación perfecta de comodidad, tecnología y desempeño.', 'Nueva Ford Everest', 'Prepárate para redefinir tus aventuras. La nueva Everest Active se presenta como la encarnación perfecta de la robustez y la sofisticación, fusionando una comodidad insuperable, tecnología de vanguardia y un desempeño imparable. Diseñada para ir más allá de lo ordinario, esta SUV ofrece un rendimiento robusto y eficiente que te asegura estar listo para enfrentar cualquier desafío que la carretera, o la ausencia de ella, te presente.', 74612.89);
INSERT INTO `cars` (`id`, `name`, `code`, `header`, `title`, `description`, `price`) VALUES (4, 'Everest Titanium', 'everest-titanium', 'La combinación perfecta de comodidad, tecnología y desempeño.', '', 'Prepárate para redefinir tus aventuras. La nueva Everest Titanium se presenta como la encarnación perfecta de la robustez y la sofisticación, fusionando una comodidad insuperable, tecnología de vanguardia y un desempeño imparable. Diseñada para ir más allá de lo ordinario, esta SUV ofrece un rendimiento robusto y eficiente que te asegura estar listo para enfrentar cualquier desafío que la carretera, o la ausencia de ella, te presente.', 84362.91);
INSERT INTO `cars` (`id`, `name`, `code`, `header`, `title`, `description`, `price`) VALUES (5, 'Expedition', 'expedition', 'Ideal para tu familia, la combinación perfecta de tecnología, espacio y seguridad.', 'Lleva tu aventura a otro nivel', 'Conoce la camioneta ideal para tu familia, con una combinación perfecta de tecnología avanzada, espacio flexible y mayor seguridad.', 129284.03);
INSERT INTO `cars` (`id`, `name`, `code`, `header`, `title`, `description`, `price`) VALUES (6, 'Explorer Platinum', 'explorer-platinum', 'Redescubre un ícono de la familia Ford, que se redefine con un diseño más elegante y juvenil.', 'Nueva SUV Explorer Platinum', 'Diseñada para satisfacer las necesidades de los conductores más exigentes, la Explorer 2025 es la SUV con el equilibrio perfecto entre comodidad, seguridad y estilo. Redescubre un ícono de la familia Ford, que se redefine con un diseño más elegante y juvenil.', 92669.10);
INSERT INTO `cars` (`id`, `name`, `code`, `header`, `title`, `description`, `price`) VALUES (7, 'Ranger Raptor', 'ranger-raptor', 'Con capacidad para conquistar cualquier terreno', 'Nueva Ford Ranger Raptor - Segunda Generación', 'La Nueva Ranger Raptor está diseñada para dominar en el desierto, las montañas y elevar el nivel de rendimiento todoterreno al ser una Pick- Up para los verdaderos entusiastas del Off- Road.', 84228.38);
INSERT INTO `cars` (`id`, `name`, `code`, `header`, `title`, `description`, `price`) VALUES (8, 'Ranger Wildtrak', 'ranger-wildtrak', 'La pickup que redefine los estándares de diseño, robustez, tecnología y seguridad', 'Nueva Generación RANGER', 'Prepárate para redefinir lo que esperas de una pickup. La Ford Ranger Wildtrak 2025 ha sido desarrollada con la fuerza para enfrentar cualquier desafío, convirtiéndose en la compañera ideal para el trabajo más exigente y las aventuras más audaces. No es solo una pickup; es la representación de la fusión perfecta entre capacidad y diseño, donde la robustez se une a una estética moderna y funcional. Con la Ranger 2025, el enfoque va más allá de simplemente llegar a tu destino. Se trata de disfrutar cada kilómetro del viaje, incluso cuando el camino se vuelve difícil y las condiciones exigen lo máximo. Su ingeniería avanzada y su performance superior te brindan la confianza para superar obstáculos, llevando tu experiencia de manejo a un nuevo nivel. ¡Descúbrela y siente la diferencia de una pickup que está lista para todo!', 69824.48);
INSERT INTO `cars` (`id`, `name`, `code`, `header`, `title`, `description`, `price`) VALUES (9, 'Ranger XLT', 'ranger-xlt', 'La pickup que redefine los estándares de diseño, robustez, tecnología y seguridad', 'Nueva Generación RANGER', 'Prepárate para redefinir lo que esperas de una pickup. La Ford Ranger XLT 2025 ha sido desarrollada con la fuerza para enfrentar cualquier desafío, convirtiéndose en la compañera ideal para el trabajo más exigente y las aventuras más audaces. No es solo una pickup; es la representación de la fusión perfecta entre capacidad y diseño, donde la robustez se une a una estética moderna y funcional. Con la Ranger 2025, el enfoque va más allá de simplemente llegar a tu destino. Se trata de disfrutar cada kilómetro del viaje, incluso cuando el camino se vuelve difícil y las condiciones exigen lo máximo. Su ingeniería avanzada y su performance superior te brindan la confianza para superar obstáculos, llevando tu experiencia de manejo a un nuevo nivel. ¡Descúbrela y siente la diferencia de una pickup que está lista para todo!', 57883.27);
INSERT INTO `cars` (`id`, `name`, `code`, `header`, `title`, `description`, `price`) VALUES (10, 'Territory Trend', 'territory-trend', 'La SUV más potente, equipada, cómoda y segura del segmento', 'La SUV que tú defines', 'Disfruta de viajes seguros y placenteros con tu familia gracias al amplio espacio y moderno diseño de Ford Territory Trend 2025 , SUV de Gran Tecnología que ofrece todo lo que necesitas para convertir cada viaje en una experiencia inolvidable.', 46106.97);
INSERT INTO `cars` (`id`, `name`, `code`, `header`, `title`, `description`, `price`) VALUES (11, 'Territory Titanium', 'territory-titanium', 'La SUV más potente, equipada, cómoda y segura del segmento', 'La SUV que tú defines', 'Disfruta de viajes seguros y placenteros con tu familia gracias al amplio espacio y moderno diseño de la Ford Territory Titanium 2025 , SUV de Gran Tecnología que ofrece todo lo que necesitas para convertir cada viaje en una experiencia inolvidable.', 54120.38);

INSERT INTO `specs` (`engine`, `drive`, `transmission`, `power`, `cars_id`) VALUES ('Motor EcoBoost® 2.7L Bi-Turbo V6', 'Tracción 4x4 avanzada', 'Automática de 10 velocidades', '330 caballos de fuerza', 1);
INSERT INTO `specs` (`engine`, `drive`, `transmission`, `power`, `cars_id`) VALUES ('Motor 2.0L EcoBoost®', 'Tracción 4x4', 'Transmisión automática de 8 velocidades.', '249 caballos de fuerza', 2);
INSERT INTO `specs` (`engine`, `drive`, `transmission`, `power`, `cars_id`) VALUES ('Motor 2.3L EcoBoost® 14 con tecnología de ahorro de combustible Auto Start/Stop', 'Tracción 4x4', 'Automática de 10 velocidades', '296 caballos de fuerza', 3);
INSERT INTO `specs` (`engine`, `drive`, `transmission`, `power`, `cars_id`) VALUES ('Motor 2.3L EcoBoost® 14 con tecnología de ahorro de combustible Auto Start/Stop', 'Tracción 4x4', 'Automática de 10 velocidades', '297 caballos de fuerza', 4);
INSERT INTO `specs` (`engine`, `drive`, `transmission`, `power`, `cars_id`) VALUES ('Motor 3.5L EcoBoost® Bi-Turbo V6', 'Tracción 4x4. Modos: 2H, 4H, 4L & 4A.', 'Automática de 10 velocidades', '415 caballos de fuerza ', 5);
INSERT INTO `specs` (`engine`, `drive`, `transmission`, `power`, `cars_id`) VALUES ('2.3L EcoBoost® 14 con tecnología de ahorro de combustible Auto Start/Stop', 'Tracción 4WD', 'Automática de 10 velocidades', '300 caballos de fuerza', 6);
INSERT INTO `specs` (`engine`, `drive`, `transmission`, `power`, `cars_id`) VALUES ('Motor Ecoboost 3.0 L V6 Bi-Turbo', 'Tracción 4x4', 'Automática de 10 velocidades', '392 caballos de fuerza', 7);
INSERT INTO `specs` (`engine`, `drive`, `transmission`, `power`, `cars_id`) VALUES ('Motor 2.3L Ecoboost® 4I Gasolina', 'Tracción 4x4 avanzado ( 2H, 4A, 4H, y 4L)', 'Automática de 10 velocidades', '298 caballos de fuerza', 8);
INSERT INTO `specs` (`engine`, `drive`, `transmission`, `power`, `cars_id`) VALUES ('Motor Panther 2.0L BITurbo I4 Diesel', 'Tracción 4x4 Bloqueo de diferencial trasero', 'Automática de 10 velocidades', '207 caballos de fuerza', 9);
INSERT INTO `specs` (`engine`, `drive`, `transmission`, `power`, `cars_id`) VALUES ('Motor EcoBoost® 1.8L', 'Tracción FWD', 'Automática de 7 velocidades', '187 caballos de fuerza', 10);
INSERT INTO `specs` (`engine`, `drive`, `transmission`, `power`, `cars_id`) VALUES ('Motor EcoBoost® 1.8L', 'Tracción FWD', 'Automática de 7 velocidades', '188 caballos de fuerza', 11);


INSERT INTO `info` (`header1`, `text1`, `header2`, `text2`, `header3`, `text3`, `cars_id`) VALUES ('Capacidad Off-Road', 'El ícono de la aventura está equipado con un sólido tren motriz 4x4, de buen agarre al suelo y modos de manejo G.O.A.T. Los Ford Bronco® G.O.A.T. Modes™ (Goes Over Any Type of Terrain) dominan cualquier camino en cualquier condición', 'Diseño', 'La nueva BRONCO ha sido diseñada con el ADN robusto y la autenticidad que caracteriza a la leyenda aventurera. Con techo y puertas desmontables, la BRONCO Badlands se lleva todas las miradas. Encontrarás la autenticidad BRONCO en cada detalle, desde su inconfundible parrilla delantera y su diseño robusto hasta sus faros LED.', 'Tecnología', 'En la nueva BRONCO encontrarás la tecnología que necesitas para conquistar cualquier terreno.', 1);
INSERT INTO `info` (`header1`, `text1`, `header2`, `text2`, `header3`, `text3`, `cars_id`) VALUES ('Diseño renovado', 'La nueva Bronco Sport impresiona con un exterior robusto y un interior renovado que refleja el espíritu legendario de la aventura.', 'Tecnología inteligente', 'Equipada con innovadoras tecnologías que te acompañan en cada aventura, la nueva Bronco Sport abre las puertas a nuevas experiencias.', 'Seguridad avanzada', 'Conduce con mayor confianza gracias a Ford Co-Pilot 360, un sistema avanzado de asistencias a la conducción, diseñadas para mejorar tu seguridad y tranquilidad al volante. ', 2);
INSERT INTO `info` (`header1`, `text1`, `header2`, `text2`, `header3`, `text3`, `cars_id`) VALUES ('Diseño y comodidad', 'Un diseño imponente y sofisticado donde cada detalle amplifica la sensación de espacio y eleva la experiencia de todos los pasajeros.', 'Tecnología inteligente', 'La nueva SUV de 7 asientos cuenta con tecnología de última generación, que potencia cada viaje con sistemas diseñados para enriquecer cada experiencia de manejo.', 'Seguridad avanzada', 'Posee un completo paquete de asistencias de conducción con el nivel más avanzado de seguridad.', 3);
INSERT INTO `info` (`header1`, `text1`, `header2`, `text2`, `header3`, `text3`, `cars_id`) VALUES ('Diseño y comodidad', 'Un diseño imponente y sofisticado donde cada detalle amplifica la sensación de espacio y eleva la experiencia de todos los pasajeros.', 'Tecnología inteligente', 'La nueva SUV de 7 asientos cuenta con tecnología de última generación, que potencia cada viaje con sistemas diseñados para enriquecer cada experiencia de manejo.', 'Seguridad avanzada', 'Posee un completo paquete de asistencias de conducción con el nivel más avanzado de seguridad.', 4);
INSERT INTO `info` (`header1`, `text1`, `header2`, `text2`, `header3`, `text3`, `cars_id`) VALUES ('El futuro en movimiento', 'Explora el futuro con la tecnología de vanguardia de la nueva Expedition. La innovación y conectividad redefinen cada experiencia en movimiento.', 'Estilo y funcionalidad', 'Descubre la mejor compañera para tus aventuras familiares, la nueva Expedition se adaptada a tus preferencias, transformando cada viaje en una experiencia inolvidable.', 'Confianza en cada maniobra', 'Viaja seguro y protegido en la nueva Expedition, recorre nuevos caminos con confianza, con su cámara 360° y demás asistencias a la conducción.', 5);
INSERT INTO `info` (`header1`, `text1`, `header2`, `text2`, `header3`, `text3`, `cars_id`) VALUES ('Elegancia y comodidad', 'Conoce un nuevo standard de lujo y comodidad en perfecta armonía en el interior, a través de sus asientos de piel con insertos MIKO®, que brindan una ventilación óptima y un tacto suave.', 'Experiencia envolvente', 'La nueva Explorer está equipada con la barra de sonido B&O® con un potente subwoofer que entrega una experiencia con una calidad de sonido inigualable.', 'Gran experiencia tecnológica', 'Con un panel de instrumentos digital de 12.3 pulgadas y el sistema Ford Co-Pilot360®, la nueva Explorer brinda una experiencia llena de lujo y tecnología para disfrutar el viaje de manera segura.', 6);
INSERT INTO `info` (`header1`, `text1`, `header2`, `text2`, `header3`, `text3`, `cars_id`) VALUES ('Motor 3.0L EcoBoost® V6', 'La Nueva Ranger Raptor cuenta con un motor a gasolina EcoBoost® 3.0L V6 de 392 HP de potencia. El motor cuenta con una serie de avances tecnológicos para maximizar su rendimiento y performance', 'Sistema de Gestión de Terrenos', 'La Nueva Ranger Raptor está equipada con sistema de gestión de terrenos de última generación. Incorpora siete modos de manejo prestablecidos para superar cualquier terreno con solo girar un comando', 'Panel de Instrumentos de 12.4 pulgadas', 'Panel de instrumentos de la Nueva Ranger Raptor está equipado con una pantalla de 12.4 pulgadas totalmente digital con gráficos y animaciones a color que responden a los modos de conducción seleccionables del vehículo, con la cual podrás configurar y visualizar varias funciones.', 7);
INSERT INTO `info` (`header1`, `text1`, `header2`, `text2`, `header3`, `text3`, `cars_id`) VALUES ('Diseño', 'La Nueva Ranger Wildtrak presenta un diseño completamente renovado, destacándose por su apariencia moderna y atractiva, tanto en el interior como en el exterior.', 'Tecnología', 'La Nueva Ranger Wildtrak se destaca por su tecnología innovadora, incorporando una pantalla LED táctil de 12" con alta definición y cuenta con un panel de instrumentos de 8“.', 'Seguridad', 'La Nueva Ranger Wildtrak incorpora un conjunto de tecnologías de asistencia al conductor que ayudan a mejorar la seguridad en la conducción. Incluye funciones como control de velocidad de crucero, asistente de pre-colisión con frenado de emergencia automático, detección de peatones y vehículo.', 8);
INSERT INTO `info` (`header1`, `text1`, `header2`, `text2`, `header3`, `text3`, `cars_id`) VALUES ('Diseño', 'La Nueva Ranger XLT presenta un diseño completamente renovado, destacándose por su apariencia moderna y atractiva, tanto en el interior como en el exterior.', 'Tecnología', 'La Nueva Ranger XLT se destaca por su tecnología innovadora, incorporando una pantalla LED táctil de 12" con alta definición y cuenta con un panel de instrumentos de 8“.', 'Seguridad', 'La Nueva Ranger XLT incorpora un conjunto de tecnologías de asistencia al conductor que ayudan a mejorar la seguridad en la conducción. Incluye funciones como control de velocidad de crucero, asistente de pre-colisión con frenado de emergencia automático, detección de peatones y vehículo.', 9);
INSERT INTO `info` (`header1`, `text1`, `header2`, `text2`, `header3`, `text3`, `cars_id`) VALUES ('Amplio Espacio Interior', 'La nueva TERRITORY Trend ofrece la combinación perfecta entre innovación y funcionalidad. Diseñada para maximar tu comodidad con un amplio espacio interior.  ', 'Motor 1.8L EcoBoost®', 'La nueva TERRITORY Trend está equipada con un motor turbocargado que genera increíbles 187 caballos de fuerza y 236 libras de torque, lista para acompañarte en tu camino.  ', 'Tecnología Inteligente', 'La nueva TERRITORY TREND está equipada con un nuevo sistema multimedia compatible con Apple CarPlay & Android Auto, una pantalla táctil de 12” y un tablero digital personalizable de 7”.', 10);
INSERT INTO `info` (`header1`, `text1`, `header2`, `text2`, `header3`, `text3`, `cars_id`) VALUES ('Amplio Espacio Interior', 'La nueva TERRITORY Titanium ofrece la combinación perfecta entre innovación y funcionalidad. Diseñada para maximar tu comodidad con un amplio espacio interior.  ', 'Motor 1.8L EcoBoost®', 'La nueva TERRITORY Titanium está equipada con un motor turbocargado que genera increíbles 187 caballos de fuerza y 236 libras de torque, lista para acompañarte en tu camino.  ', 'Tecnología Inteligente', 'La nueva TERRITORY Titanium está equipada con un nuevo sistema multimedia compatible con Apple CarPlay & Android Auto, una pantalla táctil de 12” y un tablero digital personalizable de 7”.', 11);


INSERT INTO `colors` (`id`, `name`, `hex`, `code`) VALUES (1, 'Azul Veloz', '45deg, #2889dd, #1a5990', 'azul-veloz');
INSERT INTO `colors` (`id`, `name`, `hex`, `code`) VALUES (2, 'Negro Sombra', '45deg, #3b3f52, #030405', 'negro-sombra');
INSERT INTO `colors` (`id`, `name`, `hex`, `code`) VALUES (3, 'Verde Natura', '45deg, #22783f , #0c2b16', 'verde-natura');
INSERT INTO `colors` (`id`, `name`, `hex`, `code`) VALUES (4, 'Rojo Rubí', '45deg, #9d0819,#730913', 'rojo-rubi');
INSERT INTO `colors` (`id`, `name`, `hex`, `code`) VALUES (5, 'Gris Terra', '45deg, #b4b4b4, #676767', 'gris-terra');
INSERT INTO `colors` (`id`, `name`, `hex`, `code`) VALUES (6, 'Gris Carbónico', '45deg, #555560, #111113', 'gris-carbonico');
INSERT INTO `colors` (`id`, `name`, `hex`, `code`) VALUES (7, 'Blanco Perla', '45deg, #f5f5f5, #a8a8a8', 'blanco-perla');
INSERT INTO `colors` (`id`, `name`, `hex`, `code`) VALUES (8, 'Azul Acero', '45deg, #5a6875, #1f2428', 'azul-acero');
INSERT INTO `colors` (`id`, `name`, `hex`, `code`) VALUES (9, 'Beige Tropical', '45deg, #c8cbc7, #7c7e7c', 'beige-tropical');
INSERT INTO `colors` (`id`, `name`, `hex`, `code`) VALUES (10, 'Rojo Rubí', '45deg, #9d0819, #730913', 'rojo-rubi');
INSERT INTO `colors` (`id`, `name`, `hex`, `code`) VALUES (11, 'Blanco Lunar', '45deg, #dcdadb, #8f8e8e', 'blanco-lunar');
INSERT INTO `colors` (`id`, `name`, `hex`, `code`) VALUES (12, 'Plata Estelar', '45deg, #949395, #484748', 'plata-estelar');
INSERT INTO `colors` (`id`, `name`, `hex`, `code`) VALUES (13, 'Gris Cósmico', '45deg, #54575f, #101012', 'gris-cosmico');
INSERT INTO `colors` (`id`, `name`, `hex`, `code`) VALUES (14, 'Negro Puro', '45deg, #202425, #000000', 'negro-puro');
INSERT INTO `colors` (`id`, `name`, `hex`, `code`) VALUES (15, 'Blanco Ártico', '45deg, #e3e1e0, #969594', 'blanco-artico');
INSERT INTO `colors` (`id`, `name`, `hex`, `code`) VALUES (16, 'Azul Roca', '45deg, #394455, #050608', 'azul-roca');
INSERT INTO `colors` (`id`, `name`, `hex`, `code`) VALUES (17, 'Gris Ártico', '45deg, #8b91a4, #4a4d57', 'gris-artico');
INSERT INTO `colors` (`id`, `name`, `hex`, `code`) VALUES (18, 'Plata Espacial', '45deg, #abb1c1, #676a74', 'plata-espacial');
INSERT INTO `colors` (`id`, `name`, `hex`, `code`) VALUES (19, 'Gris Espacial', '45deg, #4d4b4a, #000000', 'gris-espacial');
INSERT INTO `colors` (`id`, `name`, `hex`, `code`) VALUES (20, 'Negro Ágata', '45deg, #333333, #000000', 'negro-agata');
INSERT INTO `colors` (`id`, `name`, `hex`, `code`) VALUES (21, 'Blanco Galáctico', '45deg, #eaeae1,#9d9d97', 'blanco-galactico');
INSERT INTO `colors` (`id`, `name`, `hex`, `code`) VALUES (22, 'Rojo Furia', '45deg, #9d1a14, #500d0a', 'rojo-furia');
INSERT INTO `colors` (`id`, `name`, `hex`, `code`) VALUES (23, 'Plata Brillante', '45deg, #c0c6c9, #767a7c', 'plata-brillante');
INSERT INTO `colors` (`id`, `name`, `hex`, `code`) VALUES (24, 'Naranja Intenso', '45deg, #d74f27, #8a3219', 'naranja-intenso');
INSERT INTO `colors` (`id`, `name`, `hex`, `code`) VALUES (25, 'Azul Relámpago', '45deg, #0156a0, #002c53', 'azul-relampago');
INSERT INTO `colors` (`id`, `name`, `hex`, `code`) VALUES (26, 'Gris Lunar', '45deg, #b4b4b4, 676767', 'gris-lunar');
INSERT INTO `colors` (`id`, `name`, `hex`, `code`) VALUES (27, 'Amarillo Desierto', '45deg, #ffc936, #cca02b', 'amarillo-desierto');
INSERT INTO `colors` (`id`, `name`, `hex`, `code`) VALUES (28, 'Blanco Ártico', '45deg, #e3e1e0, #1b1611ff', 'blanco-artico');
INSERT INTO `colors` (`id`, `name`, `hex`, `code`) VALUES (29, 'Rojo Eclipse', '45deg, #d41c2f, #87111e', 'rojo-eclipse');
INSERT INTO `colors` (`id`, `name`, `hex`, `code`) VALUES (30, 'Azul Relampago', '45deg, #2c5cb9, #19356c', 'azul-relampago');
INSERT INTO `colors` (`id`, `name`, `hex`, `code`) VALUES (31, 'Naranja Terra', '45deg, #b34c1a, #662b0e', 'naranja-terra');
INSERT INTO `colors` (`id`, `name`, `hex`, `code`) VALUES (32, 'Gris Magnético', '45deg, #727473, #262727', 'gris-magnetico');
INSERT INTO `colors` (`id`, `name`, `hex`, `code`) VALUES (33, 'Rojo Bari', '45deg, #d41c2f, #87111e', 'rojo-bari');
INSERT INTO `colors` (`id`, `name`, `hex`, `code`) VALUES (34, 'Gris Estelar', '45deg, #aeb6bd,#676c70', 'gris-estelar');
INSERT INTO `colors` (`id`, `name`, `hex`, `code`) VALUES (35, 'Azul Profundo', '45deg, #7a8ba0,#3f4853', 'azul-profundo');
INSERT INTO `colors` (`id`, `name`, `hex`, `code`) VALUES (36, 'Marrón Caoba', '45deg, #b5868e,#684d51', 'marron-caoba');
INSERT INTO `colors` (`id`, `name`, `hex`, `code`) VALUES (37, 'Negro Brillante', '45deg, #303030, #000000', 'negro-brillante');


INSERT INTO `cars_colors` (`id`, `cars_id`, `colors_id`) VALUES (1, 1, 1);
INSERT INTO `cars_colors` (`id`, `cars_id`, `colors_id`) VALUES (2, 1, 2);
INSERT INTO `cars_colors` (`id`, `cars_id`, `colors_id`) VALUES (3, 1, 3);
INSERT INTO `cars_colors` (`id`, `cars_id`, `colors_id`) VALUES (4, 1, 4);
INSERT INTO `cars_colors` (`id`, `cars_id`, `colors_id`) VALUES (5, 1, 5);
INSERT INTO `cars_colors` (`id`, `cars_id`, `colors_id`) VALUES (6, 1, 6);
INSERT INTO `cars_colors` (`id`, `cars_id`, `colors_id`) VALUES (7, 1, 7);
INSERT INTO `cars_colors` (`id`, `cars_id`, `colors_id`) VALUES (8, 2, 8);
INSERT INTO `cars_colors` (`id`, `cars_id`, `colors_id`) VALUES (9, 2, 3);
INSERT INTO `cars_colors` (`id`, `cars_id`, `colors_id`) VALUES (10, 2, 6);
INSERT INTO `cars_colors` (`id`, `cars_id`, `colors_id`) VALUES (11, 2, 2);
INSERT INTO `cars_colors` (`id`, `cars_id`, `colors_id`) VALUES (12, 2, 9);
INSERT INTO `cars_colors` (`id`, `cars_id`, `colors_id`) VALUES (13, 2, 7);
INSERT INTO `cars_colors` (`id`, `cars_id`, `colors_id`) VALUES (14, 2, 4);
INSERT INTO `cars_colors` (`id`, `cars_id`, `colors_id`) VALUES (15, 3, 11);
INSERT INTO `cars_colors` (`id`, `cars_id`, `colors_id`) VALUES (16, 3, 12);
INSERT INTO `cars_colors` (`id`, `cars_id`, `colors_id`) VALUES (17, 3, 13);
INSERT INTO `cars_colors` (`id`, `cars_id`, `colors_id`) VALUES (18, 3, 14);
INSERT INTO `cars_colors` (`id`, `cars_id`, `colors_id`) VALUES (19, 3, 15);
INSERT INTO `cars_colors` (`id`, `cars_id`, `colors_id`) VALUES (20, 4, 11);
INSERT INTO `cars_colors` (`id`, `cars_id`, `colors_id`) VALUES (21, 4, 12);
INSERT INTO `cars_colors` (`id`, `cars_id`, `colors_id`) VALUES (22, 4, 13);
INSERT INTO `cars_colors` (`id`, `cars_id`, `colors_id`) VALUES (23, 4, 14);
INSERT INTO `cars_colors` (`id`, `cars_id`, `colors_id`) VALUES (24, 4, 15);
INSERT INTO `cars_colors` (`id`, `cars_id`, `colors_id`) VALUES (25, 5, 16);
INSERT INTO `cars_colors` (`id`, `cars_id`, `colors_id`) VALUES (26, 5, 17);
INSERT INTO `cars_colors` (`id`, `cars_id`, `colors_id`) VALUES (27, 5, 18);
INSERT INTO `cars_colors` (`id`, `cars_id`, `colors_id`) VALUES (28, 5, 19);
INSERT INTO `cars_colors` (`id`, `cars_id`, `colors_id`) VALUES (29, 5, 20);
INSERT INTO `cars_colors` (`id`, `cars_id`, `colors_id`) VALUES (30, 5, 21);
INSERT INTO `cars_colors` (`id`, `cars_id`, `colors_id`) VALUES (31, 5, 7);
INSERT INTO `cars_colors` (`id`, `cars_id`, `colors_id`) VALUES (32, 6, 22);
INSERT INTO `cars_colors` (`id`, `cars_id`, `colors_id`) VALUES (33, 6, 21);
INSERT INTO `cars_colors` (`id`, `cars_id`, `colors_id`) VALUES (34, 6, 23);
INSERT INTO `cars_colors` (`id`, `cars_id`, `colors_id`) VALUES (35, 6, 6);
INSERT INTO `cars_colors` (`id`, `cars_id`, `colors_id`) VALUES (36, 6, 20);
INSERT INTO `cars_colors` (`id`, `cars_id`, `colors_id`) VALUES (37, 7, 24);
INSERT INTO `cars_colors` (`id`, `cars_id`, `colors_id`) VALUES (38, 7, 25);
INSERT INTO `cars_colors` (`id`, `cars_id`, `colors_id`) VALUES (39, 7, 28);
INSERT INTO `cars_colors` (`id`, `cars_id`, `colors_id`) VALUES (40, 7, 14);
INSERT INTO `cars_colors` (`id`, `cars_id`, `colors_id`) VALUES (41, 7, 26);
INSERT INTO `cars_colors` (`id`, `cars_id`, `colors_id`) VALUES (42, 8, 27);
INSERT INTO `cars_colors` (`id`, `cars_id`, `colors_id`) VALUES (43, 8, 20);
INSERT INTO `cars_colors` (`id`, `cars_id`, `colors_id`) VALUES (44, 8, 28);
INSERT INTO `cars_colors` (`id`, `cars_id`, `colors_id`) VALUES (45, 8, 6);
INSERT INTO `cars_colors` (`id`, `cars_id`, `colors_id`) VALUES (46, 8, 29);
INSERT INTO `cars_colors` (`id`, `cars_id`, `colors_id`) VALUES (47, 8, 23);
INSERT INTO `cars_colors` (`id`, `cars_id`, `colors_id`) VALUES (48, 8, 25);
INSERT INTO `cars_colors` (`id`, `cars_id`, `colors_id`) VALUES (49, 9, 31);
INSERT INTO `cars_colors` (`id`, `cars_id`, `colors_id`) VALUES (50, 9, 7);
INSERT INTO `cars_colors` (`id`, `cars_id`, `colors_id`) VALUES (51, 9, 14);
INSERT INTO `cars_colors` (`id`, `cars_id`, `colors_id`) VALUES (52, 9, 25);
INSERT INTO `cars_colors` (`id`, `cars_id`, `colors_id`) VALUES (53, 9, 32);
INSERT INTO `cars_colors` (`id`, `cars_id`, `colors_id`) VALUES (54, 9, 33);
INSERT INTO `cars_colors` (`id`, `cars_id`, `colors_id`) VALUES (55, 9, 23);
INSERT INTO `cars_colors` (`id`, `cars_id`, `colors_id`) VALUES (56, 10, 10);
INSERT INTO `cars_colors` (`id`, `cars_id`, `colors_id`) VALUES (57, 10, 21);
INSERT INTO `cars_colors` (`id`, `cars_id`, `colors_id`) VALUES (58, 10, 34);
INSERT INTO `cars_colors` (`id`, `cars_id`, `colors_id`) VALUES (59, 10, 35);
INSERT INTO `cars_colors` (`id`, `cars_id`, `colors_id`) VALUES (60, 10, 36);
INSERT INTO `cars_colors` (`id`, `cars_id`, `colors_id`) VALUES (61, 10, 37);
INSERT INTO `cars_colors` (`id`, `cars_id`, `colors_id`) VALUES (62, 10, 7);
INSERT INTO `cars_colors` (`id`, `cars_id`, `colors_id`) VALUES (63, 11, 10);
INSERT INTO `cars_colors` (`id`, `cars_id`, `colors_id`) VALUES (64, 11, 21);
INSERT INTO `cars_colors` (`id`, `cars_id`, `colors_id`) VALUES (65, 11, 34);
INSERT INTO `cars_colors` (`id`, `cars_id`, `colors_id`) VALUES (66, 11, 35);
INSERT INTO `cars_colors` (`id`, `cars_id`, `colors_id`) VALUES (67, 11, 36);
INSERT INTO `cars_colors` (`id`, `cars_id`, `colors_id`) VALUES (68, 11, 37);
INSERT INTO `cars_colors` (`id`, `cars_id`, `colors_id`) VALUES (69, 11, 7);


